<?xml version="1.0" encoding="UTF-8" standalone="yes"?>
<addon id="plugin.video.overeasy" version="1.6.31" name="Overeasy" provider-name="Eggman">
	<requires>
		<import addon="xbmc.python" version="2.19.0" />
		<import addon="script.module.overeasy" />
		<import addon="script.overeasy.artwork" />
		<import addon="script.overeasy.metadata" />
		<import addon="script.module.resolveurl" />
		<import addon="script.module.requests" />
		<import addon="script.module.metahandler" />
	</requires>
	<extension point="xbmc.python.pluginsource" library="overeasy.py">
		<provides>video</provides>
		<provides>audio</provides>
	</extension>
	<extension point="xbmc.addon.metadata">
		<summary lang="en">Overeasy</summary>
		<description>Eggman ResolveURL Fork.</description>
		<disclaimer lang="en">The author is not responsible for the use of this addon. The author is not responsible for the content found using this addon. The author does not host or own any content found within this addon.
The author is in no way affiliated with Kodi, Team Kodi, or the XBMC Foundation.
		</disclaimer>
		<platform>all</platform>
		<license></license>
		<assets>
			<icon>icon.png</icon>
			<fanart>fanart.jpg</fanart>
			<screenshot></screenshot>
			<screenshot></screenshot>
			<screenshot></screenshot>
			<screenshot></screenshot>
		</assets>
		<news></news>
        <reuselanguageinvoker>false</reuselanguageinvoker>
	</extension>
</addon>
