<?xml version="1.1" encoding="UTF-8" standalone="yes"?>
<addon id="plugin.video.durextv2"
       name=" [COLOR crimson]TV[/COLOR]"
       version="11.1"
       provider-name="TV">
  <requires>
    <import addon="xbmc.python" version="2.1.0"/>
	<import addon="script.module.requests" />
  </requires>
  <extension point="xbmc.python.pluginsource"
            library="default.py">
        <provides>video executable</provides>
  </extension>
  <extension point="xbmc.addon.metadata">
    <summary lang="en">[COLOR gold]TV[/COLOR]</summary>
    <language>en</language>
    <description lang="en">Credits to sClark for original code for this addon.</description>
     <platform>all</platform>
  </extension>
</addon>
